FESTIVAL,Location (State),Month,Description,image_path
Navreh,Kashmir,March,"<b>Navreh ayi, nayi roshni lai, Har dil khush rahe, ghar mein sukh suhai.</b><br>Kashmiri Pandit New Year observed with rituals and prayers to Goddess Sharika; unique to Kashmiri Pandit community.","https://staticimg.amarujala.com/assets/images/2022/04/01/navreh-festival-2022_1648808263.jpeg"
Mehndi Festival,Kashmir,April,"<b>Mehndi lagai hatho, rangin ho rang birangi, Khushiyan laaye saath mein, ban jaaye din rangangi.</b><br>Traditional spring festival involving henna application and folk songs, unique to Kashmiri Pandit culture.","https://ramkumarmehandi.com/wp-content/uploads/2022/09/20-most-beautiful-mehndi-designs-for-festivals.jpg"
Harnai Festival,Kashmir,January,"<b>Thand vich gungunahat, Harnai di mehak, Gayan te nachan naal, jindagi vich rang chad.</b><br>Winter folk festival specific to Kashmir celebrating local culture through traditional music and dances.","https://encrypted-tbn0.gstatic.com/images?q=tbn:ANd9GcTv-HvOJIqLIGY9YKz2kxhcGapTDSOz4tzVFQ&s"
Urs Festival,Kashmir,September,"<b>Rooh di awaaz hai, Urs di raat hai, Qawwali di mehfil vich, sab nu baat hai.</b><br>Sufi saint commemorative festival held at shrines like Hazratbal, distinct to Kashmir's Sufi heritage.","https://static2.tripoto.com/media/filter/tst/img/464126/TripDocument/1535955030_1056369_dargah_sharif_ajmer.jpg.webp"
Mela Sufi,Kashmir,October,"<b>Sufi di mehfil sajdi, dilaan nu bhaandi, Mehfil vich jashan manaiye, ishq di chaandi.</b><br>Sufi shrine festival unique to Kashmir involving devotional qawwali and community feasts.","https://encrypted-tbn0.gstatic.com/images?q=tbn:ANd9GcR_rWs4TLXw-z6ZFcLgqIjPR6lW8Agnm74nFw&s"
Lal Ded Mela,Kashmir,October,"<b>Lal Ded di vani vich, ruh di shanti mile, Kavita di roshni naal, dard bhi khil jaye.</b><br>Cultural-spiritual festival honoring Lal Ded, the mystic poetess, celebrated only in Kashmir.","https://encrypted-tbn0.gstatic.com/images?q=tbn:ANd9GcS_i3IEhZspEOMFvg8S3jC5JC733Q2AZtO3MA&s"
Amarnath Yatra,PAN India,July,"<b>Amarnath di yatra vich, shraddha di baat hai, Har man di manzil vich, shanti di saath hai.</b><br>Hindu pilgrimage to the Amarnath cave in Kashmir, a religious event unique to the region attracting devotees nationwide.","https://d3lzcn6mbbadaf.cloudfront.net/media/details/Amarnath2022081609141020220816184011.jpg"
Losar,Himachal Pradesh,February,"<b>Losar da din aaya, nayi roshni layi, Shanti te khushi naal, jeevan sajaya jai.</b><br>Tibetan Buddhist New Year celebrated mainly in Ladakh and Himachal Pradesh, unique to Himalayan Buddhist culture.","https://www.lchangnang.com/blog/wp-content/uploads/2023/11/Losar-Festival.webp"
Buddha Purnima,PAN India,November,"<b>Buddha di kirpa naal, man vich sukoon hove, Duniya di roshni vich, pyar hi chhaj jave.</b><br>Buddhist festival celebrating birth, enlightenment, and death of Buddha with prayers and feasts.","https://encrypted-tbn0.gstatic.com/images?q=tbn:ANd9GcQzLDhkLNS5_2f_ogXDqNENMXZ-Var_C-aApg&s"
Gurpurab,PAN India,November,"<b>Guru Nanak ji da charan, sadi zindagi da raah, Prem naal jeevan vich, mile sadaa saah.</b><br>Sikh festival marking Guru Nanak Dev Ji's birth anniversary, celebrated with prayers and community kitchens.","https://www.livemint.com/lm-img/img/2024/11/12/optimize/ANI-20231126332-0_1701048115735_1731401916725.jpg"
Christmas,PAN India,December,"<b>Christmas di roshni, sab nu khushi de, Prem te shanti naal, ghar sajaye jaaye.</b><br>Christian festival celebrated with church services, decorations, and feasts.","https://static.toiimg.com/photo/msid-104286673/104286673.jpg"
Lohri,PAN India,January,"<b>Sundri mundri hoye, Lohri di raat vich, Chiriyan di chah makhi de naal, Giddha te bhangra paayiye saath.</b><br>Harvest festival celebrated to mark the end of winter and welcome longer days with bonfires, folk songs, dance, and sweets.","https://utsav.gov.in/public/uploads/event_cover_image/event_602/16595155611269959693.jpg"
Baisakhi/Vaisakhi,PAN India,April,"<b>Baisakhi da mela lagda, khetan vich khushiyan jagda, Jatti te Jatt di shaan vich, nachda Punjab sara aan.</b><br>Spring harvest festival marking the Punjabi New Year and Sikh community's foundation of Khalsa in 1699.","https://encrypted-tbn0.gstatic.com/images?q=tbn:ANd9GcQEjFJFMPAPn0dYyZB4wQtcRNXSlsKeX7hd_Q&s"
Maghi,Punjab,January,"<b>Maghi aayi, dharti suhani, Sajde ne yaar te jawani.</b><br>Festival commemorating the martyrdom of 40 Sikh warriors; celebrated with fairs, community feasts, and prayers.","https://encrypted-tbn0.gstatic.com/images?q=tbn:ANd9GcRfT-sSg3MvPp7qwX4DoqmkWaQsgOzePavy2Q&s"
Teej,PAN India,August,"<b>Teej diyan chhaanv'an vich, suhani jhulan lai ke aayi, Sohni te Mahi da pyar, man diyaan gallan samjhai.</b><br>Monsoon festival celebrated by women praying for marital bliss and prosperity, marked by swings, singing, and traditional attire.","https://encrypted-tbn0.gstatic.com/images?q=tbn:ANd9GcQsePtaOtoiFbn0pMM8iISY9pRHJ3hF3EydZw&s"
Hola Mohalla,Punjab,March,"<b>Hola Mohalla aaya, Sher Punjab de jithe laya, Gatka te shastar da mela, Sikh virse di pehchaan bhaya.</b><br>Sikh festival featuring martial arts displays, poetry, and community gatherings; initiated by Guru Gobind Singh.","https://encrypted-tbn0.gstatic.com/images?q=tbn:ANd9GcRot_O81ODsVSIDS8X05Eln8CXVnPN8E6CNcQ&s"
Karva Chauth,PAN India,October,"<b>Karva Chauth di raat vich, chann nu vekh ke viyakhan, Sohagan di dua naal, rishte sajde dhan dhan.</b><br>Fasting ritual observed by married women for the long life of their husbands, marked by prayers and moon sighting.","https://resize.indiatvnews.com/en/resize/oldbucket/355_-/mainnational/Spruce_up_for_K18420.jpg"
Holi,PAN India,March,"<b>रंगों का त्योहार है होली, मिल-जुल के मनाएं होली, पुरानी दुश्मनी मिटा के, प्रेम के रंग बिखेरें सभी।</b><br>Festival of colors symbolizing the victory of good over evil, celebrated with vibrant color throwing, music, and dance.","https://cdn.britannica.com/57/244757-131-EBAFDFE0/Hindu-Holi-Festival-Mathura-Uttar-Pradesh-India.jpg"
Gangore,Haryana,April,"<b>गंगोरे की छांव तले, बहनें करें आरती, भाईयों की लंबी उम्र की, करतीं हैं ये प्रार्थना सारी।</b><br>Traditional folk festival mainly in rural Haryana, where unmarried girls pray for the long life of their brothers and future husbands.","https://static.toiimg.com/thumb/msid-63326660,width-1070,height-580,resizemode-75,imgsize-1199088,pt-32,y_pad-40/63326660.jpg"
Janmashtami,PAN India,August,"<b>माखन चोर कृष्ण का जन्मोत्सव, प्रेम और भक्ति से जग सजीव.</b><br>Celebration of Lord Krishna's birth with fasting, night vigils, and devotional songs.","https://encrypted-tbn0.gstatic.com/images?q=tbn:ANd9GcRoLdNDo9Q05r_xsCg-Ypt0z3yOuOS9zj4l3g&s"
Surajkund Mela,Haryana,February,"<b>सूरजकुंड का मेला है रंगीन, हस्तशिल्प की सौगात लिए, संस्कृति की शान बढ़ाए, हर दिल को ये खुशी दे।</b><br>Annual crafts fair held near Faridabad showcasing traditional arts, crafts, and cultural performances unique to Haryana.","https://www.shutterstock.com/image-photo/surajkund-faridabad-19-feb-2023-260nw-2264101905.jpg"
Minjar Mela,Himachal Pradesh,July,"<b>मिंजर मेला आया, खुशियों का सैलाब लाया, खेतों की हरियाली और जनता का त्यौहार बताया।</b><br>Harvest festival celebrated in Chamba district marking prosperity and offering thanks to the gods.","https://encrypted-tbn0.gstatic.com/images?q=tbn:ANd9GcQTbv7m3seh8QszXVu-ig67Fva5WD7cUpuTAg&s"
Phagli/Fagli,Himachal Pradesh,March,"<b>फागलि के गीत गाओ, बसंती रंग मनाओ, पर्वतों में होली का त्यौहार मनाओ।</b><br>Spring festival welcoming the new season with traditional songs, dances, and bonfires.","https://encrypted-tbn0.gstatic.com/images?q=tbn:ANd9GcSz2bTtQxIadO2paivJepP559J5SK8hpSsrcA&s"
Shoolini Mela,Himachal Pradesh,June,"<b>शूलिनी माता की जय बोलो, खुशियों का मेला मनाओ, पर्वतों की छांव तले प्रेम बांटो।</b><br>Festival honoring Goddess Shoolini with processions, fairs, and devotional singing in Solan district.","https://encrypted-tbn0.gstatic.com/images?q=tbn:ANd9GcSehJ0p4EomO9HB4JFc6iykwCXNqygGqfaBIg&s"
Halda,Himachal Pradesh,November,"<b>हलदा के रंग में रंग जाओ, मिट्टी की खुशबू को गाओ, पर्वतों की छांव में त्यौहार मनाओ।</b><br>Festival marking the end of harvest season with folk songs, dances, and rituals.","https://images.tribuneindia.com/cms/gall_content/2017/1/2017_1$largeimg09_Monday_2017_225845955.jpg"
Mandi Shivratri,Himachal Pradesh,February,"<b>शिव की महिमा गाओ, भक्ति के गीत गाओ, मंडी शिवरात्रि में प्रेम मनाओ।</b><br>Celebrated with night-long prayers and cultural fairs dedicated to Lord Shiva in Mandi district.","https://utsav.gov.in/public/uploads/event_cover_image/event_78/1649394573817942343.jpg"
Chaitra Suket Fair,Himachal Pradesh,March,"<b>चैत्र सूकेत मेला सजाओ, देवताओं का आशीर्वाद पाओ।</b><br>Cultural fair celebrating local deities with traditional music, dance, and rituals.","https://c8.alamy.com/comp/2PMH0GM/dhaka-dhaka-bangladesh-13th-apr-2023-hindu-devotees-seen-with-body-painting-and-they-performance-traditional-dance-as-part-of-annual-chaitra-sankranti-folk-festival-charak-puja-in-sreemangal-bangladesh-credit-image-abu-sufian-jewelzuma-press-wire-editorial-usage-only!-not-for-commercial-usage!-2PMH0GM.jpg"
Raksha Bandhan,PAN India,August,"<b>राखी के बंधन में स्नेह का प्यार, बहन-भाई का अनोखा त्यौहार।</b><br>Celebration of sibling bonds where sisters tie rakhi on brothers' wrists and pray for their well-being.","https://www.thestatesman.com/wp-content/uploads/2018/08/Raksha-Bandhan.jpg"
Kumbh Mela,PAN India,January,"<b>स्नान के संग पाप धुलें, कुंभ में हो अमृत बरसें।</b><br>One of the largest religious gatherings in the world, held at Haridwar (Uttarakhand) and Prayagraj (Uttar Pradesh), attracting millions for holy dips in the river.","https://images.theconversation.com/files/642200/original/file-20250114-15-oucsvl.jpg?ixlib=rb-4.1.0&rect=0%2C85%2C4063%2C2031&q=45&auto=format&w=1356&h=668&fit=crop"
Nanda Devi Mela,Uttarakhand,September,"<b>नंदा देवी की माया छाई, पर्वतों में खुशहाली लाई।</b><br>Annual festival honoring Goddess Nanda Devi with rituals, fairs, and cultural programs in the Garhwal region.","https://encrypted-tbn0.gstatic.com/images?q=tbn:ANd9GcQnkYITOPbwf2OqgswdzB7svHMcSrp01YqZMQ&s"
Makar Sankranti,PAN India,January,"<b>मकर संक्रांति आई, पतंगों का रंग छाई।</b><br>Harvest festival marked by kite flying, feasts, and prayers for prosperity.","https://encrypted-tbn0.gstatic.com/images?q=tbn:ANd9GcR3Yhg4ZI_Vto7JsG69EDS61vnRdSOxQVmScA&s"
Phool Dei,Uttarakhand,March,"<b>फूल देई का त्योहार, बसंत की खुशबू लाई बार-बार।</b><br>Spring festival where girls go door-to-door to bless houses with flowers and songs.","https://curlytales.com/wp-content/uploads/2024/03/Cover-Image-14.jpg"
Basant Panchami,PAN India,January,"<b>सरस्वती मां की आरती उतारो, विद्या के दीप जलाओ।</b><br>Festival celebrating Goddess Saraswati, goddess of knowledge, with prayers and cultural activities.","https://static.toiimg.com/photo/62510301.cms"
Ganga Dussehra,PAN India,June,"<b>गंगा माता की पवित्र छाया, पापों को करे हराया।</b><br>Celebrates the descent of the River Ganges to Earth, with holy dips and rituals.","https://blog-content.ixigo.com/wp-content/uploads/2019/06/3f9156be292033b2cae8658358a25310-rtmvw.jpg"
Harela,Uttarakhand,July,"<b>हरेला त्योहार, प्रकृति का उपहार, खेती की खुशहाली का उद्धार।</b><br>Agricultural festival marking the onset of monsoon and new crop sowing, with tree planting and prayers.","https://cdn.shopify.com/s/files/1/0517/1154/1436/articles/PHOTO-2023-07-16-21-42-48.jpg?v=1689527819"
Ram Navami,PAN India,March,"<b>राम नाम का जप लगाओ, जीवन में खुशियाँ लाओ।</b><br>Birth anniversary of Lord Rama celebrated with prayers and recitations of the Ramayana.","https://utsav.gov.in/public/uploads/event_cover_image/event_696/16606495971244913359.jpg"
Diwali,PAN India,November,"<b>दीपों की रौशनी से जगमगाए, अंधकार मिटाए, सुख समृद्धि लाए।</b><br>Festival of lights marking the victory of good over evil, celebrated with lamps, fireworks, and sweets.","https://i.natgeofe.com/n/7e33fdf8-c549-4cc6-99c2-a66bf6cad079/GettyImages-1778646120.jpg"
Eid-ul-Fitr,PAN India,April,"<b>रोज़े की खुशियाँ, ईद की नमाज़ें, दिलों में मोहब्बत की परछाइयां।</b><br>Festival marking the end of Ramadan, celebrated with prayers, feasts, and giving charity.","https://res.cloudinary.com/aenetworks/image/upload/c_fill,ar_2,w_3840,h_1920,g_auto/dpr_auto/f_auto/q_auto:eco/v1/eid-al-fitr-gettyimages-1148084709?_a=BAVAZGDX0"
Mahavir Jayanti,PAN India,April,"<b>अहिंसा का संदेश फैलाए, महावीर की जय गाए।</b><br>Celebrates the birth of Lord Mahavir, founder of Jainism, with prayers and charitable activities.","https://encrypted-tbn0.gstatic.com/images?q=tbn:ANd9GcSF1e_OAjrg-_Uxj7Rv-KOZUZJuFy8GD1-A7g&s"
Navratri,PAN India,September,"<b>गरबा की थाप, नवरात्रि का जोश, हर दिल में उत्सव का मौसाम।</b><br>Nine-night festival celebrating Goddess Durga with traditional Garba and Dandiya dances, vibrant attire, and devotional songs.","https://encrypted-tbn0.gstatic.com/images?q=tbn:ANd9GcTFmUAW9KE39wQ9Lz7jlL3anoJoVxSlEoTycw&s"
Rann Utsav,Gujarat,November,"<b>थार की रेत पर रंग बिरंगा मेला, संस्कृति की झलक हर कोना।</b><br>Cultural festival in the Rann of Kutch showcasing folk music, dance, crafts, and local traditions in a desert setting.","https://encrypted-tbn0.gstatic.com/images?q=tbn:ANd9GcR7v-R5QwveIXjTk23HBuvDb3TQYfwl2XVRrA&s"
Dussehra,PAN India,October,"<b>रावण दहन की अग्नि में, बुराई का अंत हुआ निश्चित।</b><br>Festival marking the victory of Lord Rama over Ravana, celebrated with processions, effigy burning, and cultural programs.","https://cdndailyexcelsior.b-cdn.net/wp-content/uploads/2024/10/page6-1.jpg"
Sharad Purnima,Gujarat,October,"<b>चाँद की चाँदनी में खुशियाँ छुपाए, शरद पूर्णिमा का त्योहार मनाए।</b><br>Harvest festival celebrated on the full moon night with prayers and night-long celebrations under moonlight.","https://encrypted-tbn0.gstatic.com/images?q=tbn:ANd9GcSv4L2imAlkovUn_1-zH4a0bY95_z8ogJSXJQ&s"
Tarnetar Fair,Gujarat,August,"<b>टर्नेटर मेला, रंगीन परिधान, लोक संस्कृति की शान।</b><br>Famous tribal fair known for traditional dance, music, and matchmaking ceremonies held near Surendranagar.","https://encrypted-tbn0.gstatic.com/images?q=tbn:ANd9GcRHUM09Lb9DN_C7_huSH1ql__W7mSK8szttZQ&s"
Bhojpur Mela,Madhya Pradesh,November,"<b>भोपाल के संगम पर, मेलों का रंग चढ़ा, संस्कृति की छटा फैली।</b><br>Annual fair near Bhojpur Temple featuring folk dances, music, and religious rituals attracting locals and tourists.","https://encrypted-tbn0.gstatic.com/images?q=tbn:ANd9GcSjGnzMxcU-XW8yb-rgnOb8yXsqnf0jLAiEeQ&s"
Khajuraho Dance Festival,Madhya Pradesh,Februrary,"<b>नृत्य की छटा बिखेरती, खजुराहो की रजाई।</b><br>Cultural festival showcasing classical Indian dance forms at Khajuraho temples with spectacular performances.","https://img.theweek.in/content/dam/week/news/sports/2021/February/new-Aruna-Mohanty.jpg"
Rajim Kumbh Mela,Madhya Pradesh,February,"<b>राजिम कुंभ का मेला, धर्म और आस्था का बसेरा।</b><br>Religious festival held at Rajim, involving holy dips, rituals, and cultural events similar to Kumbh Mela.","https://dk3y8l9cftpw0.cloudfront.net/PRD_BansalNews/Rajim-Kumbh-Mela-2025.webp"
Gondwana Festival,Madhya Pradesh,November,"<b>गोंडवाना की संस्कृति में छुपा, त्योहारों का संगम बसा।</b><br>Festival celebrating the culture, art, and heritage of the Gond tribal community with music and dance.","https://encrypted-tbn0.gstatic.com/images?q=tbn:ANd9GcSo0F13yc0wx3l7gO2VvW0b_bbjz2qq0_2NGA&s"
Chhath Puja,PAN India,November,"<b>सूरज देवता की आराधना, छठ पूजा का सुहाना मेला।</b><br>Major festival dedicated to the Sun God and Chhathi Maiya, involving rigorous fasting, holy dips, and evening and morning prayers on riverbanks.","https://images.cnbctv18.com/uploads/2021/09/chhath-puja.jpg"
Sama Chakeva,Bihar,November,"<b>भाइयों की छांव तले, बहनों का त्योहार मनाए।</b><br>Folk festival celebrating brother-sister relationships with traditional songs, rituals, and colorful decorations symbolizing the bond of love.","https://utsav.gov.in/public/uploads/event_cover_image/event_721/16607275691889350873.jpg"
Sonepur Mela,Bihar,November,"<b>भारत का सबसे बड़ा मेला, संस्कृति का अनमोल खजाना।</b><br>Asia's largest cattle fair held annually with livestock trading, cultural events, and religious activities.","https://encrypted-tbn0.gstatic.com/images?q=tbn:ANd9GcRYygtnYpYp1dOGQijoOziSQPsht6fs0GV0wA&s"
Durga Puja,PAN India,September,"<b>माँ दुर्गा की जयकार, बुरी शक्तियों का संहार।</b><br>Festival celebrating Goddess Durga's victory over evil, with elaborate pandals, rituals, and cultural programs.","https://media.istockphoto.com/id/458583265/photo/goddess-during-durga-puja-celebrations.jpg?s=612x612&w=0&k=20&c=kCudTPmdWpQvvP0tsFt43cPyYoce-XsMYikL1zeAs-I="
Maha Shivaratri,PAN India,March,"<b>शिव शंभु की भक्ति में, रात जागे भक्त जन।</b><br>Night-long festival honoring Lord Shiva with fasting, prayers, and special rituals at temples.","https://media.istockphoto.com/id/1404150323/vector/maha-shivratri-festival-background-vector-illustration.jpg?s=612x612&w=0&k=20&c=0jlGdiarqVap_Q9FnxkOJEaVHvpVYLShj-NCFkvvXvk="
Saraswati Puja,PAN India,January,"<b>ज्ञान और विद्या की देवी का आह्वान।</b><br>Celebration in honor of Goddess Saraswati, marking the start of the academic year with prayers for wisdom and learning.","https://encrypted-tbn0.gstatic.com/images?q=tbn:ANd9GcQKwZKrMc7F4EoLyKWNlyzxUIeUWlFabd7zMA&s"
Karma Festival,Jharkhand,August,"<b>करमा के रंग में झूमे गाँव-दीहात, प्रकृति के गीत गाए।</b><br>Tribal festival celebrating nature worship and the Karma tree, featuring folk dances, songs, and community feasts.","https://encrypted-tbn0.gstatic.com/images?q=tbn:ANd9GcTLPnlHkOU49rI31kcp946t8l1kBlT4gqe9og&s"
Tusu Festival,Jharkhand,January,"<b>तुसू मेला, खुशियों की बयार, संस्कृति का प्यारा त्योहार।</b><br>Harvest festival celebrated by tribal women with folk songs and dances, marking the end of the agricultural season.","https://encrypted-tbn0.gstatic.com/images?q=tbn:ANd9GcRlWXWs1HUN29TG82A38htG10D1h4OH1zNb8g&s"
Sarhul,Jharkhand,March,"<b>सारुल की पूजा में बसा है जीवन, पेड़ों की छाँव में है उत्सव का गीत।</b><br>Tribal New Year and nature worship festival, honoring trees and nature spirits with rituals, dances, and songs.","https://encrypted-tbn0.gstatic.com/images?q=tbn:ANd9GcR5uafoEVOsDOmLh5w_E4dMpPZ8Hq1vERZCAQ&s"
Jitia,Jharkhand,August,"<b>माँ की ममता, जतिया के व्रत में झलकती।</b><br>Fasting festival by mothers praying for the long life and health of their children, observed with rituals and prayers.","https://encrypted-tbn0.gstatic.com/images?q=tbn:ANd9GcRTB65tzIouevSHn1JoLHHFO33DxgijvrA1Pw&s"
Karam Puja,Jharkhand,September,"<b>करमा के पत्तों में छुपा है सांस्कृतिक संग, खुशियों का रंग।</b><br>Worship of Karam tree by tribal communities seeking blessings for good harvest and prosperity.","https://assets.thehansindia.com/h-upload/2023/09/25/1383864-untitled-1.webp"
Guru Nanak Jayanti,Delhi,November,"<b>गुरु नानक की महिमा से भरा, प्रकाश पर्व मनाया।</b><br>Birthday of Guru Nanak Dev Ji, founder of Sikhism, marked with prayers, processions, and community kitchens (Langar).","https://www.livemint.com/lm-img/img/2024/11/12/600x338/ANI-20231126332-0_1701048115735_1731401913577.jpg"
Ganesh Chaturthi,PAN India,August-September,"<b>गणपति बप्पा मोरया, हर दिल में बसे है माया।</b><br>Celebration of Lord Ganesha’s birth with prayers, processions, and immersion of idols.","https://c.ndtvimg.com/2024-09/17mgh5d_ganesh-chaturthi-ani_625x300_07_September_24.jpeg"
Ratha Yatra,Odisha,June-July,"<b>भगवान जगन्नाथ का रथ निकले, श्रद्धा और भक्ति से मन झूले।</b><br>Grand chariot festival in Puri where deities Jagannath, Balabhadra, and Subhadra are pulled through the streets amidst huge crowds and celebrations.","https://pragyata.com/wp-content/uploads/2017/07/The-Ratha-Yatra-Festival-at-Jagannatha-Puri.jpg"
Sambalpur Lok Mahotsav,Odisha,December,"<b>सांस्कृतिक रंगों का संगम, सांबलपुर में उत्सव का आलम।</b><br>Folk festival showcasing tribal dances, music, crafts, and cuisine celebrating Odisha's diverse tribal heritage.","https://encrypted-tbn0.gstatic.com/images?q=tbn:ANd9GcTkntmtJpBkrHMZ_1EkpFvBh5DZPyhjAUgOWA&s"
Chhau Dance Festival,Odisha,April,"<b>छाऊ नृत्य की धूम, प्रकृति का संगीत बहुम।</b><br>Traditional masked dance festival blending martial arts and folk traditions, held in Mayurbhanj and neighboring areas.","https://upload.wikimedia.org/wikipedia/commons/1/1d/Chhau_Nritya_%281%29.jpg"
Makar Mela,Odisha,January,"<b>मकर मेला में उमड़े भक्त, उमंगों से भरा हर एक महाक।</b><br>Religious fair held at Lingaraj Temple attracting devotees with rituals, shopping, and cultural events.","https://www.financialexpress.com/wp-content/uploads/2018/01/makar_sankranti_kite_650_pti-1.jpg"
Bali Jatra,Odisha,November,"<b>बाली यात्रा की धूम, नावों से सजी सड़कों में गूंज।</b><br>Festival commemorating ancient maritime trade, featuring boat-shaped stalls, cultural programs, and fairs.","https://vajiram-prod.s3.ap-south-1.amazonaws.com/Baliyatra_abf4340599.jpeg"
Dola Purnima,Odisha,March,"<b>रंगों की बहार, प्रेम के त्यौहार।</b><br>Festival of colors similar to Holi, celebrated with singing, dancing, and processions honoring Lord Krishna.","https://encrypted-tbn0.gstatic.com/images?q=tbn:ANd9GcRiAkMW5s3bZA8TaNyeddnpqfoBobWh_v7x3g&s"
Hirakud Festival,Odisha,November,"<b>हिरकुद की महिमा, संस्कृति की जीवंत धारा।</b><br>Festival celebrating the construction and importance of Hirakud Dam with cultural events and fairs.","https://s7ap1.scene7.com/is/image/incredibleindia/marwar-festival-popular?qlt=82&ts=1726639410813"
Nua Khai,Odisha,June-July,"<b>नए अन्न का स्वागत, घर-घर खुशियों का वास।</b><br>Harvest festival where new rice is eaten for the first time of the season, marking gratitude for a good harvest.","https://d18x2uyjeekruj.cloudfront.net/wp-content/uploads/2023/09/nuakhai.jpg"
Poila Boishakh,West Bengal,April,"<b>নতুন বছরের শুরু, নতুন আশা ও আনন্দের ঝড়।</b><br>Bengali New Year marked by cultural events, new clothes, and festive gatherings to welcome prosperity and happiness.","https://i0.wp.com/compass.rauias.com/wp-content/uploads/2024/04/pohela-boishakh-new-year-bengali.jpeg"
Kali Puja,West Bengal,October-November,"<b>কালী মায়ের ভক্তি, অন্ধকারে আলো জ্বেলে রাখে।</b><br>Festival dedicated to Goddess Kali, celebrated with night-long prayers, lamps, and fireworks, especially in Kolkata and surrounding areas.","https://encrypted-tbn0.gstatic.com/images?q=tbn:ANd9GcQft1MEFasuK17rK6MvEJ-L4clpEQFjI8ehqA&s"
Rath Yatra,West Bengal,June-July,"<b>রথযাত্রার রঙিন মেলা, ভক্তদের ভিড় এবং আনন্দ।</b><br>Annual chariot festival of Lord Jagannath, celebrated with processions and festivities unique to the Mahesh area.","https://static.toiimg.com/thumb/msid-64977996,width-400,resizemode-4/64977996.jpg"
Jagadhatri Puja,West Bengal,October,"<b>জগদ্ধাত্রী মা’র পূজা, ঐতিহ্যের দীপ প্রজ্জ্বলন।</b><br>Festival honoring Goddess Jagadhatri, celebrated with grandeur especially in Chandannagar with lights, rituals, and cultural shows.","https://i.pinimg.com/736x/ec/14/af/ec14af309c1ac32cb06000f355a64ad1.jpg"
Nabanna,West Bengal,November,"<b>নবান্ন উৎসব, ফসলের আনন্দ এবং ধান্যতার গান।</b><br>Harvest festival celebrating the new rice crop with folk dances, feasts, and rural fairs in Bengal's villages.","https://encrypted-tbn0.gstatic.com/images?q=tbn:ANd9GcSwrrN4bux_SDw7NBEuZiGkQV-gTvGXMcMA_g&s"
Bishwakarma Puja,West Bengal,September,"<b>বিশ্বকর্মার আরাধনা, কারিগরদের উৎসব।</b><br>Festival honoring Lord Vishwakarma, the divine architect, celebrated by artisans, craftsmen, and factory workers.","https://c.ndtvimg.com/2018-09/3iknlnn_vishwakarma-jayanti_625x300_15_September_18.jpg"
Bihu,Assam,April,"<b>বিহুৰ ৰঙত ভৰপূৰ, গাঁও-গাঁৱৰ উৎসৱ।</b><br>Major Assamese harvest festival celebrating new year with folk dances, songs, feasts, and community gatherings.","https://assamtourism.gov.in/images/Bihu-07.png"
Magh Bihu (Bhogali Bihu),Assam,January,"<b>ভোগালী বিহু, আনন্দৰ উৎসৱ, খেতি-বৰ্মা ধানৰ উৎসৱ।</b><br>Harvest festival in January featuring feasts, bonfires, and traditional games marking the end of the harvesting season.","https://encrypted-tbn0.gstatic.com/images?q=tbn:ANd9GcSPSN8--589zXbTtXrxH-mOnaNjuL7RT0pUBw&s"
Kati Bihu,Assam,October,"<b>কাটি বিহুৰ সোৱণীয়া ৰাতি, দীপালিৰ পোহৰ।</b><br>Festival of lights marking the time of crop protection, with lamps lit in fields and homes for prosperity.","https://encrypted-tbn0.gstatic.com/images?q=tbn:ANd9GcQEayIU1lZqfk7kNwpJJP4DecMSNa27DIl5WA&s"
Ali Ai Ligang,Assam,February,"<b>আলী আই লিগাংত, নৃত্যগীতৰ ৰমণীয়তা।</b><br>Spring festival of the Mising tribe involving folk dance, music, and community feasts welcoming the sowing season.","https://encrypted-tbn0.gstatic.com/images?q=tbn:ANd9GcT3FE8ihHkMqvg-eP5nXSipu86kxDbSN930cg&s"
Jonbeel Mela,Assam,January,"<b>জনবিল মেলাৰ বাণিজ্য, সংস্কৃতিৰ মিলন।</b><br>Traditional fair featuring barter trade among communities, with cultural performances and rituals.","https://encrypted-tbn0.gstatic.com/images?q=tbn:ANd9GcTCRYAgieD7AGeHaDSA25tn41qLfTRLgLBDVw&s"
Dehing Patkai Festival,Assam,November,"<b>দেহিং পাতকাইৰ জংঘলৰ উৎসৱ, প্ৰকৃতিৰ সন্মান।</b><br>Festival celebrating the rich biodiversity of the Dehing Patkai rainforest with cultural programs and eco-tourism promotion.","https://i0.wp.com/www.tusktravel.com/blog/wp-content/uploads/2022/12/Dehing-Patkai-Festival-Tribal-Fairs-Assam.jpg?resize=1024%2C768&ssl=1"
Ambubachi Mela,Assam,June,"<b>অম্বুবাচী মেলাত, ভক্তিৰ অমিয়া ঢৌ।</b><br>Annual festival at Kamakhya Temple marking the goddess's menstruation period, with devotees gathering for special rituals.","https://indroyc.com/wp-content/uploads/2024/06/ambabuchi-mela.jpg"
Gudi Padwa,Maharashtra,March-April,"<b>गुढी उभारू नववर्ष साजरा करू!</b><br>Maharashtrian New Year marked by raising the Gudi flag, feasting, and welcoming new beginnings with joy and prayers.","https://static.toiimg.com/photo/63329895.cms"
Bhimashankar Yatra,Maharashtra,January,"<b>भिमाशंकर दर्शनाने मन आनंदित होई!</b><br>Pilgrimage to the Bhimashankar temple, one of the twelve Jyotirlingas, attracting devotees from across the state.","https://cdn1.tripoto.com/media/filter/nl/img/2380291/Image/1709706590_kumbh_mela4_1551611035.jpg.webp"
Nag Panchami,Maharashtra,July-August,"<b>नाग देवतेच्या पूजा करु, सापांचा आदर करू!</b><br>Festival honoring snakes with rituals, offerings, and worship to seek protection and blessings.","https://encrypted-tbn0.gstatic.com/images?q=tbn:ANd9GcQumaRfGAzSm6gOhDevQxrmMKPWfBEGjfSTcg&s"
Tulsi Vivah,Maharashtra,October-November,"<b>तुळशी विवाहाचा शुभ मुहूर्त, मंगलमय जीवनाचा प्रारंभ!</b><br>Marriage ceremony of the Tulsi plant with Lord Vishnu’s avatar, symbolizing prosperity and spiritual harmony.","https://www.thegoan.net/uploads/news/big_62172_tulsi-vivah.jpg"
Chhatrapati Shivaji Maharaj Jayanti,Maharashtra,February,"<b>शिवाजी महाराजांची जयंत, वीरतेची गाथा!</b><br>Birth anniversary of the great Maratha king celebrated with cultural programs and patriotic fervor.","https://images.mid-day.com/images/images/2024/feb/shivajiedit1_d.jpg"
Ugadi,Andhra Pradesh,March-April,"<b>ఉగాది పండుగలో కొత్త ఆశలు, సంతోషాలు పుట్టుకొస్తాయి!</b><br>Telugu New Year celebrated with special rituals, mango leaves decorations, and traditional Ugadi Pachadi symbolizing life’s flavors.","https://i0.wp.com/www.socialnews.xyz/wp-content/uploads/2025/03/30/202503303363611.jpg?quality=80&zoom=1&ssl=1"
Sankranti,Andhra Pradesh,January,"<b>సంక్రాంతి పండుగలో సూర్యుడికి నమస్కారం, పల్లెలో ఉత్సవం!</b><br>Harvest festival marked by kite flying, bonfires, and feasts celebrating the sun's northward journey and agricultural prosperity.","https://encrypted-tbn0.gstatic.com/images?q=tbn:ANd9GcQcaXTJ2u12yW0oROGGq9CZwmGSLUrZSUXt2g&s"
Karthika Masam,Andhra Pradesh,November,"<b>కార్తీక మాసం పూజలు, దీపాల వెలుగులు!</b><br>Month-long festival dedicated to Lord Vishnu and Shiva, observed with lighting lamps and holy rituals at temples and homes.","https://encrypted-tbn0.gstatic.com/images?q=tbn:ANd9GcQfeV-JibTI8r031GX1h4OWq6s0bR5W9S7qHw&s"
Pushkaralu,Andhra Pradesh,Once every 12 years per river,"<b>పుష్కరాలులో పవిత్ర గంగ, పుణ్యస్నానం!</b><br>Special river festival celebrated every 12 years, attracting devotees for holy dips in the rivers to cleanse sins.","https://www.pilgrimagetour.in/blog/wp-content/uploads/2024/02/Pushkaram-Pushkaralu-Festival.jpg"
Bonalu,Andhra Pradesh,July-August,"<b>బోనాలు తియ్యగా, భక్తి పరవశం!</b><br>Though mainly Telangana, also observed in parts of Andhra, dedicated to Goddess Mahakali with offerings, dances, and rituals for protection and prosperity.","https://encrypted-tbn0.gstatic.com/images?q=tbn:ANd9GcTW-u9tvMrJ7use2y1E3tcLCoo22X3DpNeHOg&s"
Mysore Dasara,Karnataka,September-October,"<b>ಮೈಸೂರು ದಸರಾ, ವಿಜಯದ ಹಬ್ಬ!</b><br>The royal festival celebrating Goddess Chamundeshwari’s victory over evil, famous for grand processions, cultural performances, and illumination of Mysore Palace.","https://static.toiimg.com/thumb/msid-114110656,width-1280,height-720,resizemode-4/114110656.jpg"
Karaga,Karnataka,March-April,"<b>ಕಾರಾಗಾ ಹಬ್ಬ, ಸಾಂಪ್ರದಾಯಿಕ ಜಾತ್ರೆ!</b><br>Ancient folk festival dedicated to Goddess Draupadi featuring a night procession with the bearer carrying a decorated floral pyramid on the head.","https://encrypted-tbn0.gstatic.com/images?q=tbn:ANd9GcRXX_RU1QuFaEpde7dzC3a_dJ8v0vSfB7PpSA&s"
Hampi Festival,Karnataka,January,"<b>ಹಂಪಿ ಹಬ್ಬ, ವಿಜಯನಗರ ಸ್ಮರಣೆ!</b><br>Cultural festival celebrating the heritage of the Vijayanagara Empire with music, dance, and heritage walks in the historic ruins.","https://s7ap1.scene7.com/is/image/incredibleindia/Hampi-Utsava-fes-hero?qlt=82&ts=1726639362088"
Kambala,Karnataka,November-February,"<b>ಕಂಬಳದ ಸ್ಪರ್ಧೆ, ನೈಸರ್ಗಿಕ ಕ್ರೀಡೆ!</b><br>Traditional buffalo race held in paddy fields as thanksgiving for a good harvest and entertainment.","https://utsav.gov.in/public/uploads/event_picture_image/event_520/1657356169943929498.jpg"
Nagamandala,Karnataka,June-July,"<b>ನಾಗಮಂಡಳ, ನೃತ್ಯ ಮತ್ತು ನಾಟಕದ ಸಂಭ್ರಮ!</b><br>Folk ritualistic dance-drama dedicated to serpent worship, involving vibrant costumes and storytelling.","https://images.deccanherald.com/deccanherald/import/sites/dh/files/article_images/2020/05/19/534473-1771837520-1457979871.jpg?w=1200&h=675&auto=format%2Ccompress&fit=max&enlarge=true"
Vairamudi Festival,Karnataka,February,"<b>ವೈರಮುದಿ ಹಬ್ಬ, ದೇವರ ಔಭರಣೋತ್ಸವ!</b><br>Annual festival in Melukote where the deity Cheluvanarayana Swamy is adorned with a diamond-studded crown (Vairamudi) and grand celebrations take place.","https://encrypted-tbn0.gstatic.com/images?q=tbn:ANd9GcRC_gZj_lXibXPHCdiFXOFgMpuASOfAUpZldQ&s"
Pongal,Tamil Nadu,January,"<b>பொங்கலோ பொங்கல்! விதைகள் கனியாக, வாழ்வில் வளமாக!</b><br>Four-day harvest festival thanking the Sun God and cattle, celebrated with boiling the first rice of the season and decorating homes with kolams.","https://encrypted-tbn0.gstatic.com/images?q=tbn:ANd9GcRwf3peGTzbo5JWY3xms6gxNGuWoLUH43FzWw&s"
Thai Poosam,Tamil Nadu,January-February,"<b>கந்தா வாழ்க! பக்தியில் துளியும் சோறு போதாதே!</b><br>Dedicated to Lord Murugan, devotees carry 'kavadi' in pilgrimage and perform acts of devotion and penance.","https://media.cnn.com/api/v1/images/stellar/prod/190117115335-thaipusam-634740844.jpg?q=w_1600,h_900,x_0,y_0,c_fill"
Aadi Perukku,Tamil Nadu,July-August,"<b>ஆடி பெருக்கு வரவோ நதி வாழ்வோ!</b><br>Celebration of life and water’s abundance, observed by women offering prayers to rivers for prosperity and fertility.","https://encrypted-tbn0.gstatic.com/images?q=tbn:ANd9GcQ2jS6AA0HYzSSCD79ZKBzEWTg_1aUZyOX_Gg&s"
Karthigai Deepam,Tamil Nadu,November-December,"<b>கார்த்திகை தீபம், ஒரு தீபம் வீடெல்லாம்!</b><br>Festival of lights where rows of oil lamps are lit in homes and temples, culminating in the lighting of the giant beacon atop Tiruvannamalai hill.","https://encrypted-tbn0.gstatic.com/images?q=tbn:ANd9GcS9aeJQvXvsVrZb7R1thA-iI-TLvtyXHEjztw&s"
Chithirai Festival,Tamil Nadu,April,"<b>மீனாட்சி திருக்கல்யாணம், மதுரையின் மகிழ்ச்சி!</b><br>Marks the celestial wedding of Goddess Meenakshi and Lord Sundareswarar with grand processions and temple rituals in Madurai.","https://images.news18.com/ibnlive/uploads/2022/04/m-164909656616x9.png"
Mahamaham,Tamil Nadu,March,"<b>மகாமகம் புனித நீராடல், பாவம் போக்கும் பரிசு!</b><br>Mass spiritual bathing festival celebrated in Kumbakonam’s Mahamaham tank, considered sacred like the Kumbh Mela.","https://encrypted-tbn0.gstatic.com/images?q=tbn:ANd9GcQJhBxpzSwn09W_hIa4jMXL0sccQvMHqZK28w&s"
Natyanjali Festival,Tamil Nadu,February,<b>நடனத்தினால் நாதனைத் தொழுது வாழ்வு!</b><br>Dance festival paying homage to Lord Nataraja through classical performances by Bharatanatyam artists in the Chidambaram temple.,"https://encrypted-tbn0.gstatic.com/images?q=tbn:ANd9GcSd5lyyfTWjB7txsUYJkGt0Uk_HC48nz1B8gw&s"
Bastar Dussehra,PAN India,October,"<b>यहाँ दशहरा नहीं, आस्था का महासागर बहता है!</b><br>Unlike elsewhere, Bastar Dussehra honors local deities like Danteshwari Mata with 75-day-long tribal rituals, processions, and deep devotion.","https://utsav.gov.in/public/uploads/event_cover_image/event_159/16522031181062255431.jpg"
Goncha Festival,Chhattisgarh,July,"<b>धनुष-बाण से खेलें पर्व, प्रेम से मनाएं धर्म!</b><br>Tribals celebrate Lord Jagannath by mock-fighting with bamboo bows and fruit bullets, reflecting joy and brotherhood.","https://encrypted-tbn0.gstatic.com/images?q=tbn:ANd9GcTJDJpIF4A_krQnlsG6LQbiu86rWr_NOQTvaA&s"
Hareli Festival,Chhattisgarh,July,"<b>हल चलाओ, हरियाली लाओ!</b><br>Celebrated by farmers to honor nature and agriculture, tools are worshipped, and children play traditional games like 'Gedi' (bamboo stilts).","https://tripsntrippers.com/wp-content/uploads/2023/07/image-8.png"
Madai Festival,Chhattisgarh,December,"<b>मड़ई में उमड़ता है लोकजीवन का रंग!</b><br>A tribal fair where deities are taken out in processions; includes folk music, dance, and rituals that travel from village to village.","https://encrypted-tbn0.gstatic.com/images?q=tbn:ANd9GcRlNUd0vfs5Kv4mf5YFzugyuQjexY2b9-5FJw&s"
Champaran Mela,Chhattisgarh,January,"<b>वल्लभाचार्य की जन्मभूमि, भक्ति से सराबोर भूमि!</b><br>Celebrates the birth of Saint Vallabhacharya with bhajans, satsangs, and large religious gatherings at Champaran.","https://chhattisgarhtourism.co.in/destinations/champaran_mela.jpg"
Pola Festival,Chhattisgarh,August,"<b>बैल पूजन, खेतों की जान का अभिनंदन!</b><br>Festival where farmers worship their bulls, decorate them, and thank them for their role in farming, followed by races and feasts.","https://encrypted-tbn0.gstatic.com/images?q=tbn:ANd9GcQFHJqgmB8v5aYLGl9QNe47eDen1Rg9tc53vA&s"
Carnival,Goa,February,"<b>प्यारा गोवा, नाचो-गाओ, रंगों में खो जाओ!</b><br>Pre-Lenten festival with vibrant parades, music, dancing, and floats, where King Momo leads the festivities in a spirit of joy and indulgence.","https://encrypted-tbn0.gstatic.com/images?q=tbn:ANd9GcSJVwWPz19xpZiEg9chHPJjeC4bRm1EQWlheQ&s"
Sao Joao Festival,Goa,June,"<b>सांव जोआओ, कुओं में कूदो, खुशी में डूबो!</b><br>A monsoon festival honoring St. John the Baptist, where young men jump into wells and ponds wearing floral crowns in a joyful water celebration.","https://cdn.thegoavilla.com/static/img/articles/sao-jao-festival.jpg"
Bonderam Festival,Goa,August,"<b>झंडों की लड़ाई, प्यार की छांव!</b><br>Colorful festival commemorating historical land disputes on Divar Island with mock battles using flags, floats, music, and carnival spirit.","https://www.agoda.com/wp-content/uploads/2024/08/Featured-image-Bonderam-Festival.jpg"
Shigmo,Goa,March,"<b>शिगमो आई रे! ढोल-नगाड़ों की गूंज सुनाई दे!</b><br>Goa’s traditional spring festival celebrated with folk dances, vibrant processions, and colors, honoring warriors and nature's rebirth.","https://i2.wp.com/www.zingbus.com/blog/wp-content/uploads/2023/03/shigmo-festival-dance.jpg?ssl=1"
Feast of St. Francis Xavier,Goa,December,"<b>संत का पर्व, श्रद्धा की लहर!</b><br>Held at Basilica of Bom Jesus, this festival honors Goa's patron saint with mass prayers, pilgrimages, and a grand fair attracting thousands.","https://www.india-tours.com/images/festivals/feast-of-saint-francis-xavier/francis-xavier.jpg"
Chikhal Kalo,Goa,July,"<b>मिट्टी में मस्ती, भक्ति में शक्ति!</b><br>A unique mud festival where locals play games in wet soil, re-enacting Lord Krishna’s childhood while celebrating community bonding.","https://storage.googleapis.com/goa-app-12a91.appspot.com/2023-06-27T12%3A39%3A34.937Z293268613_378764527691370_4444780051503755366_n.jpg?GoogleAccessId=firebase-adminsdk-zeqcj%40goa-app-12a91.iam.gserviceaccount.com&Expires=16447017600&Signature=KX3HsA9tHyyc5nGIdPsEAikRQWmi5JY1tlWjd08U4Bgf117kTkQhex%2FevrZaXLIzXYaABLEpIvxUg4he2M7yoi9Ci0XxbyKnjgf72FK2ze%2FcyGRB%2BOAwo7b0%2FYBZ7KXh%2Fcyu1u85riFiHvaJbRFdSwCrgmO08SG7c95nWuSudQoytX7DfH3E9zwIwEXWhuBqBUdLZbVMWr4vdDzrEtbRIvOhnhzHUEL4IF39jIgzcirU4O8KmUZ49ZbZMTV6Ue%2BaidH6%2F9zPf7L5jRmD1bAznPY6FEzGsGevc9Rp47pkQ%2B1bw3DnXf2yGrKKII6BnHu4h%2BjwsfRUGur2nosDpsrEcg%3D%3D"
Zatra of Shantadurga,Goa,December,"<b>शांतादुर्गा आई, भक्तों की भीड़ लाई!</b><br>A grand temple fair celebrating Goddess Shantadurga with palanquins, traditional rituals, and devotional music in Goa’s Hindu temples.","https://utsav.gov.in/public/uploads/event_picture_image/event_3175/17362286251051105190.jpg"
Yaoshang,Manipur,March,"<b>रंगों में रमता मणिपुर, याओशांग लाए भक्ति और मस्ती!</b><br>Manipur’s version of Holi, celebrated with Thabal Chongba (moonlight dance), sports, and cultural programs over five days, blending joy and spirituality.","https://encrypted-tbn0.gstatic.com/images?q=tbn:ANd9GcS4p8JYeJfN5BNuvtvochP8O8hVJbGuOosEfw&s"
Lai Haraoba,Manipur,April,"<b>ईश्वरीय नृत्य, संस्कृति की पूजा!</b><br>Festival honoring traditional deities with ritual dances, music, and storytelling performed by Maibis (priestesses), showcasing creation myths of the Meiteis.","https://www.india-tours.com/images/festivals/lai-haraoba-festival/lai-haraoba1.jpg"
Ningol Chakouba,Manipur,October,"<b>बहनों के नाम दावत, भाईयों के दिल से प्यार!</b><br>A family reunion festival where married women are invited by their parents for a grand feast, celebrating the bond between brothers and sisters.","https://rnfvzaelmwbbvfbsppir.supabase.co/storage/v1/object/public/brhatwebsite/05dhiti/ningolchakouba/ningolchakouba5.webp"
Kang Festival,Manipur,July,"<b>कृष्ण की रथयात्रा, श्रद्धा और सजावट का संगम!</b><br>Rath Yatra celebrated by the Vaishnavite Meitei community, involving a nine-day procession of Lord Govindaji’s chariot with devotional songs and offerings.","https://www.indianholiday.com/wordpress/wp-content/uploads/2024/07/kang-festival-606.jpeg"
Cheiraoba,Manipur,April,"<b>नया साल, नई उम्मीदें, नई ऊँचाइयाँ!</b><br>Meitei New Year celebrated with cleaning homes, offering traditional dishes to deities, and symbolic hill-climbing to mark personal growth and renewal.","https://encrypted-tbn0.gstatic.com/images?q=tbn:ANd9GcQzWIq-r45Th26WNYwc41oeNSvkigl6yP8D2Q&s"
Heikru Hidongba,Manipur,September,"<b>नावों की रेस, आस्था की बूँदों में विश्वास!</b><br>A traditional boat race festival celebrated on a sacred moat with religious rituals, symbolizing unity and spiritual merit in the Meitei culture.","https://upload.wikimedia.org/wikipedia/commons/5/5e/%EA%AF%8D%EA%AF%A4%EA%AF%8C%EA%AF%A5%EA%AF%A1_%EA%AF%87%EA%AF%A5%EA%AF%9F%EA%AF%85%EA%AF%95%EA%AF%B2.jpg"
Kut Festival,Manipur,November,"<b>फसल की खुशी, जनजातीय रंगीनी!</b><br>A harvest festival celebrated by Kuki-Chin-Mizo tribes with folk dances, songs, traditional games, and community feasting in joy and gratitude.","https://static.toiimg.com/thumb/68218910/CK2ed.jpg?width=1200&height=900"
Shad Suk Mynsiem,Meghalaya,April,"<b>नृत्य है आराधना, परंपरा की आत्मा!</b><br>Khasi thanksgiving festival where men and women in traditional attire dance to drumbeats to honor ancestors and seasonal abundance.","https://encrypted-tbn0.gstatic.com/images?q=tbn:ANd9GcQiy8qt1vrFds13nSPMdLaYyB9s522t-fXHIA&s"
Wangala Festival,Meghalaya,November,"<b>बजाओ ड्रम, गाओ धन्यवाद!</b><br>Garo harvest festival where 100 drums (Nokma) are beaten in rhythm to please the Sun God, featuring dance, music, and food.","https://images.wanderon.in/blogs/new/2024/12/wangala-festival-in-meghalaya.jpg"
Behdeinkhlam Festival,Meghalaya,July,"<b>बीमारियों को बहाओ, समृद्धि को बुलाओ!</b><br>A Jaintia festival to ward off diseases with rituals, symbolic logs, dance, and traditional games for a prosperous community.","https://www.syllad.com/wp-content/uploads/2023/07/Behdeinkhlam-jpg.webp"
Chapchar Kut,Mizoram ,March,"<b>झूम की थकान, उत्सव की पहचान!</b><br>Spring festival after jungle clearing for farming; celebrated with bamboo dance (Cheraw), folk songs, and vibrant attire.","https://utsav.gov.in/public/uploads/event_cover_image/event_104/16494130491959272254.jpg"
Mim Kut,Mizoram ,August,"<b>मक्का की फसल, पूर्वजों की याद!</b><br>Harvest festival dedicated to ancestors, involving offerings of maize, wine, and songs to honor their spirits.","https://i0.wp.com/www.travelholidaysindia.com/wp-content/uploads/2024/08/Mim-Kut-Festival-Nagaland.jpg?fit=1000%2C563&ssl=1"
Pawl Kut,Mizoram ,December,"<b>अन्न की पूजा, उत्सव की माया!</b><br>Thanksgiving after rice harvest with family feasts, community dances, and children’s blessings—a vital cultural tradition.","https://encrypted-tbn0.gstatic.com/images?q=tbn:ANd9GcTVulE1YhWf-4s0f7GhUiBqfT9eKSovVbcqDg&s"
Hornbill Festival,Nagaland,December,"<b>नगा संस्कृति का रंगारंग संगम!</b><br>‘Festival of Festivals’ showcasing all Naga tribes with traditional games, dances, food, and crafts in a cultural extravaganza.","https://travespert.com/blogs/wp-content/uploads/sites/2/2023/04/Hornbill-Fest.webp"
Moatsu Festival,Nagaland,May,"<b>खेती के बाद मस्ती की बौछार!</b><br>Celebrated after sowing season with Ao Naga songs, dances, and brewing of traditional rice beer in joy and hope.","https://encrypted-tbn0.gstatic.com/images?q=tbn:ANd9GcS8VNocEqLXQSopbstIY1TYf2RplLZYp3S1Vg&s"
Sekrenyi Festival,Nagaland,February,"<b>शुद्धि का पर्व, परंपरा का गौरव!</b><br>Angami cleansing festival involving rituals of purification, feasts, and age-group activities marking moral and physical renewal.","https://utsav.gov.in/public/uploads/event_cover_image/event_1337/16641991241338158320.jpg"
Losar,Sikkim,February,"<b>नया साल, नई रौशनी!</b><br>Tibetan New Year celebrated with prayers, cham (masked) dances, and rituals in monasteries like Rumtek to usher prosperity and harmony.","https://images.rove.me/w_1920,q_85/gmf8lbofq1wdoir04jat/india-losar-festival.jpg"
Pang Lhabsol,Sikkim,September,"<b>कंचनजंघा की पूजा, भाईचारे की भावना!</b><br>Unique to Sikkim, this festival venerates Mt. Kanchenjunga and the guardian deities with warrior dances and communal prayers.","https://utsav.gov.in/public/uploads/event_picture_image/event_44/16491608681516340756.jpg"
Saga Dawa,Sikkim,May,"<b>ध्यान और दया का महोत्सव!</b><br>Celebrates birth, enlightenment, and death of Buddha with processions, butter lamps, and offerings in Buddhist monasteries.","https://encrypted-tbn0.gstatic.com/images?q=tbn:ANd9GcQ5cbSEj-wEJFxnUxiPRAR8HAKTQfIjZA5YbA&s"
Kharchi Puja,Tripura,July,"<b>देवी-देवताओं की विशेष पूजा!</b><br>A major tribal Hindu festival where 14 deities are worshipped with rituals, followed by a week-long fair with cultural performances.","https://encrypted-tbn0.gstatic.com/images?q=tbn:ANd9GcStvlgZAbTprFZOgZx6G3Y0yKzWAoKv8PHCCQ&s"
Garia Puja,Tripura,April,"<b>गेरिया देवता, फसल और खुशी लाओ!</b><br>A tribal festival to appease the deity of livestock and prosperity with songs, bamboo dance, and symbolic animal sacrifice.","https://encrypted-tbn0.gstatic.com/images?q=tbn:ANd9GcRHUM09Lb9DN_C7_huSH1ql__W7mSK8szttZQ&s"
Ker Puja,Tripura,August,"<b>नियम और निष्ठा से पूजन!</b><br>Conducted to protect the state from calamities, this highly disciplined festival restricts movement and activities for spiritual focus.","https://currentaffairs.adda247.com/wp-content/uploads/multisite/sites/5/2023/07/13104302/IMG-20180804-WA0021.jpg"
